"工艺流程","点位名称","描述"
"反硝化深床滤池","MW0","反冲洗气洗时间"
"反硝化深床滤池","MW1","反冲洗水气混合洗时间"
"反硝化深床滤池","MW2","反冲洗水洗时间"
"反硝化深床滤池","MW3","1#水池手自动"
"反硝化深床滤池","MW4","2#水池手自动"
"反硝化深床滤池","MW5","3#水池手自动"
"反硝化深床滤池","MW6","4#水池手自动"
"反硝化深床滤池","MW7","5#水池手自动"
"反硝化深床滤池","MW8","1#水池进水阀手动"
"反硝化深床滤池","MW9","1#水池反洗进气阀手动"
"反硝化深床滤池","MW10","1#水池反洗排水阀手动"
"反硝化深床滤池","MW11","1#水池反洗进水阀手动"
"反硝化深床滤池","MW12","1#水池液位设定高度"
"反硝化深床滤池","MW13","1#水池排水阀手动开度"
"反硝化深床滤池","MW14","2#水池进水阀手动"
"反硝化深床滤池","MW15","2#水池反洗进气阀手动"
"反硝化深床滤池","MW16","2#水池反洗排水阀手动"
"反硝化深床滤池","MW17","2#水池反洗进水阀手动"
"反硝化深床滤池","MW18","2#水池液位设定高度"
"反硝化深床滤池","MW19","2#水池排水阀手动开度"
"反硝化深床滤池","MW20","3#水池进水阀手动"
"反硝化深床滤池","MW21","3#水池反洗进气阀手动"
"反硝化深床滤池","MW22","3#水池反洗排水阀手动"
"反硝化深床滤池","MW23","3#水池反洗进水阀手动"
"反硝化深床滤池","MW24","3#水池液位设定高度"
"反硝化深床滤池","MW25","3#水池排水阀手动开度"
"反硝化深床滤池","MW26","4#水池进水阀手动"
"反硝化深床滤池","MW27","4#水池反洗进气阀手动"
"反硝化深床滤池","MW28","4#水池反洗排水阀手动"
"反硝化深床滤池","MW29","4#水池反洗进水阀手动"
"反硝化深床滤池","MW30","4#水池液位设定高度"
"反硝化深床滤池","MW31","4#水池排水阀手动开度"
"反硝化深床滤池","MW32","5#水池进水阀手动"
"反硝化深床滤池","MW33","5#水池反洗进气阀手动"
"反硝化深床滤池","MW34","5#水池反洗排水阀手动"
"反硝化深床滤池","MW35","5#水池反洗进水阀手动"
"反硝化深床滤池","MW36","5#水池液位设定高度"
"反硝化深床滤池","MW37","5#水池排水阀手动开度"
"反硝化深床滤池","MW38","反冲洗进水总管阀门手动"
"反硝化深床滤池","MW39","1#水池液位高度"
"反硝化深床滤池","MW40","2#水池液位高度"
"反硝化深床滤池","MW41","3#水池液位高度"
"反硝化深床滤池","MW42","4#水池液位高度"
"反硝化深床滤池","MW43","5#水池液位高度"
"反硝化深床滤池","MW44","1#水池排水阀反馈"
"反硝化深床滤池","MW45","2#水池排水阀反馈"
"反硝化深床滤池","MW46","3#水池排水阀反馈"
"反硝化深床滤池","MW47","4#水池排水阀反馈"
"反硝化深床滤池","MW48","5#水池排水阀反馈"
"反硝化深床滤池","MW49","反冲洗进水总管阀门反馈"
"反硝化深床滤池","MW50","1#水池进水阀关反馈"
"反硝化深床滤池","MW51","1#水池进水阀开反馈"
"反硝化深床滤池","MW52","2#水池进水阀关反馈"
"反硝化深床滤池","MW53","2#水池进水阀开反馈"
"反硝化深床滤池","MW54","3#水池进水阀关反馈"
"反硝化深床滤池","MW55","3#水池进水阀开反馈"
"反硝化深床滤池","MW56","4#水池进水阀关反馈"
"反硝化深床滤池","MW57","4#水池进水阀开反馈"
"反硝化深床滤池","MW58","5#水池进水阀关反馈"
"反硝化深床滤池","MW59","5#水池进水阀开反馈"
"反硝化深床滤池","MW60","1#水池反洗进气阀关反馈"
"反硝化深床滤池","MW61","1#水池反洗进气阀开反馈"
"反硝化深床滤池","MW62","2#水池反洗进气阀关反馈"
"反硝化深床滤池","MW63","2#水池反洗进气阀开反馈"
"反硝化深床滤池","MW64","3#水池反洗进气阀关反馈"
"反硝化深床滤池","MW65","3#水池反洗进气阀开反馈"
"反硝化深床滤池","MW66","4#水池反洗进气阀关反馈"
"反硝化深床滤池","MW67","4#水池反洗进气阀开反馈"
"反硝化深床滤池","MW68","5#水池反洗进气阀关反馈"
"反硝化深床滤池","MW69","5#水池反洗进气阀开反馈"
"反硝化深床滤池","MW70","1#水池反洗排水阀关反馈"
"反硝化深床滤池","MW71","1#水池反洗排水阀开反馈"
"反硝化深床滤池","MW72","2#水池反洗排水阀关反馈"
"反硝化深床滤池","MW73","2#水池反洗排水阀开反馈"
"反硝化深床滤池","MW74","3#水池反洗排水阀关反馈"
"反硝化深床滤池","MW75","3#水池反洗排水阀开反馈"
"反硝化深床滤池","MW76","4#水池反洗排水阀关反馈"
"反硝化深床滤池","MW77","4#水池反洗排水阀开反馈"
"反硝化深床滤池","MW78","5#水池反洗排水阀关反馈"
"反硝化深床滤池","MW79","5#水池反洗排水阀开反馈"
"反硝化深床滤池","MW80","1#水池反洗进水阀关反馈"
"反硝化深床滤池","MW81","1#水池反洗进水阀开反馈"
"反硝化深床滤池","MW82","2#水池反洗进水阀关反馈"
"反硝化深床滤池","MW83","2#水池反洗进水阀开反馈"
"反硝化深床滤池","MW84","3#水池反洗进水阀关反馈"
"反硝化深床滤池","MW85","3#水池反洗进水阀开反馈"
"反硝化深床滤池","MW86","4#水池反洗进水阀关反馈"
"反硝化深床滤池","MW87","4#水池反洗进水阀开反馈"
"反硝化深床滤池","MW88","5#水池反洗进水阀关反馈"
"反硝化深床滤池","MW89","5#水池反洗进水阀开反馈"
"反硝化深床滤池","MW90","1#水池反冲洗运行信号"
"反硝化深床滤池","MW91","2#水池反冲洗运行信号"
"反硝化深床滤池","MW92","3#水池反冲洗运行信号"
"反硝化深床滤池","MW93","4#水池反冲洗运行信号"
"反硝化深床滤池","MW94","5#水池反冲洗运行信号"
"一次提升泵房","MW95","粗格栅_本地/远程"
"一次提升泵房","MW96","粗格栅_运行"
"一次提升泵房","MW97","粗格栅_故障"
"一次提升泵房","MW98","离心泵_本地/远程"
"一次提升泵房","MW99","离心泵_运行"
"一次提升泵房","MW100","离心泵_故障"
"一次提升泵房","MW101","1#集水池提升泵_本地/远程"
"一次提升泵房","MW102","1#集水池提升泵_运行"
"一次提升泵房","MW103","1#集水池提升泵_故障"
"一次提升泵房","MW104","2#集水池提升泵_本地/远程"
"一次提升泵房","MW105","2#集水池提升泵_运行"
"一次提升泵房","MW106","2#集水池提升泵_故障"
"一次提升泵房","MW107","1#浮球开关_高液位"
"一次提升泵房","MW108","1#浮球开关_低液位"
"一次提升泵房","MW109","2#浮球开关_高液位"
"一次提升泵房","MW110","2#浮球开关_低液位"
"脱泥机房","MW111","1#药剂搅拌机_运行"
"脱泥机房","MW112","1#药剂搅拌机_故障"
"脱泥机房","MW113","2#药剂搅拌机_运行"
"脱泥机房","MW114","2#药剂搅拌机_故障"
"脱泥机房","MW115","加药泵_运行"
"脱泥机房","MW116","加药泵_故障"
"脱泥机房","MW117","加泥泵_运行"
"脱泥机房","MW118","加泥泵_故障"
"脱泥机房","MW119","1#污泥输送机_运行"
"脱泥机房","MW120","1#污泥输送机_故障"
"脱泥机房","MW121","2#污泥输送机_运行"
"脱泥机房","MW122","2#污泥输送机_故障"
"脱泥机房","MW123","3#污泥输送机_运行"
"脱泥机房","MW124","3#污泥输送机_故障"
"脱泥机房","MW125","1#送料机_运行"
"脱泥机房","MW126","1#送料机_故障"
"脱泥机房","MW127","2#送料机_运行"
"脱泥机房","MW128","2#送料机_故障"
"脱泥机房","MW129","出料混合机_运行"
"脱泥机房","MW130","出料混合机_故障"
"脱泥机房","MW131","输送出料仓（混合）_运行"
"脱泥机房","MW132","输送出料仓（混合）_故障"
"脱泥机房","MW133","输送出料仓（储泥）_运行"
"脱泥机房","MW134","输送出料仓（储泥）_故障"
"储泥池","MW135","1#储泥池搅拌机_本地/远程"
"储泥池","MW136","1#储泥池搅拌机_运行"
"储泥池","MW137","1#储泥池搅拌机_故障"
"储泥池","MW138","2#储泥池搅拌机_本地/远程"
"储泥池","MW139","2#储泥池搅拌机_运行"
"储泥池","MW140","2#储泥池搅拌机_故障"
"储泥池","MW141","1#污泥回流泵_本地/远程"
"储泥池","MW142","1#污泥回流泵_运行"
"储泥池","MW143","1#污泥回流泵_故障"
"储泥池","MW144","2#污泥回流泵_本地/远程"
"储泥池","MW145","2#污泥回流泵_运行"
"储泥池","MW146","2#污泥回流泵_故障"
"储泥池","MW147","1#打泥泵_本地/远程"
"储泥池","MW148","1#打泥泵_运行"
"储泥池","MW149","1#打泥泵_故障"
"储泥池","MW150","2#打泥泵_本地/远程"
"储泥池","MW151","2#打泥泵_运行"
"储泥池","MW152","2#打泥泵_故障"
"二沉池","MW153","1#刮泥机_本地/远程"
"二沉池","MW154","1#刮泥机_运行"
"二沉池","MW155","1#刮泥机_故障"
"二沉池","MW156","2#刮泥机_本地/远程"
"二沉池","MW157","2#刮泥机_运行"
"二沉池","MW158","2#刮泥机_故障"
"二次提升泵房","MW159","1#潜水泵_本地/远程"
"二次提升泵房","MW160","1#潜水泵_运行"
"二次提升泵房","MW161","1#潜水泵_故障"
"二次提升泵房","MW162","2#潜水泵_本地/远程"
"二次提升泵房","MW163","2#潜水泵_运行"
"二次提升泵房","MW164","2#潜水泵_故障"
"二次提升泵房","MW165","3#潜水泵_本地/远程"
"二次提升泵房","MW166","3#潜水泵_运行"
"二次提升泵房","MW167","3#潜水泵_故障"
"高效沉淀池","MW168","1#快速搅拌机_本地/远程"
"高效沉淀池","MW169","1#快速搅拌机_运行"
"高效沉淀池","MW170","1#快速搅拌机_故障"
"高效沉淀池","MW171","2#快速搅拌机_本地/远程"
"高效沉淀池","MW172","2#快速搅拌机_运行"
"高效沉淀池","MW173","2#快速搅拌机_故障"
"高效沉淀池","MW174","1#絮凝搅拌机_本地/远程"
"细格栅沉砂池","MW175","细格栅_本地/远程"
"细格栅沉砂池","MW176","细格栅_运行"
"细格栅沉砂池","MW177","细格栅_故障"
"细格栅沉砂池","MW178","刮沙机_本地/远程"
"细格栅沉砂池","MW179","刮沙机_运行"
"细格栅沉砂池","MW180","刮沙机_故障"
"细格栅沉砂池","MW181","输送机_本地/远程"
"细格栅沉砂池","MW182","输送机_运行"
"高效沉淀池","MW183","1#絮凝搅拌机_运行"
"高效沉淀池","MW184","1#絮凝搅拌机_故障"
"高效沉淀池","MW185","2#絮凝搅拌机_本地/远程"
"高效沉淀池","MW186","2#絮凝搅拌机_运行"
"高效沉淀池","MW187","2#絮凝搅拌机_故障"
"高效沉淀池","MW188","1#螺杆泵_本地/远程"
"高效沉淀池","MW189","1#螺杆泵_运行"
"高效沉淀池","MW190","1#螺杆泵_故障"
"高效沉淀池","MW191","2#螺杆泵_本地/远程"
"高效沉淀池","MW192","2#螺杆泵_运行"
"高效沉淀池","MW193","2#螺杆泵_故障"
"高效沉淀池","MW194","3#螺杆泵_本地/远程"
"高效沉淀池","MW195","3#螺杆泵_运行"
"高效沉淀池","MW196","3#螺杆泵_故障"
"高效沉淀池","MW197","4#螺杆泵_本地/远程"
"高效沉淀池","MW198","4#螺杆泵_运行"
"高效沉淀池","MW199","4#螺杆泵_故障"
"高效沉淀池","MW200","5#螺杆泵_本地/远程"
"高效沉淀池","MW201","5#螺杆泵_运行"
"高效沉淀池","MW202","5#螺杆泵_故障"
"高效沉淀池","MW203","6#螺杆泵_本地/远程"
"高效沉淀池","MW204","6#螺杆泵_运行"
"高效沉淀池","MW205","6#螺杆泵_故障"
"高效沉淀池","MW206","潜水排污泵_本地/远程"
"高效沉淀池","MW207","潜水排污泵_运行"
"高效沉淀池","MW208","潜水排污泵_故障"
"高效沉淀池","MW209","1#中心传动浓缩刮泥机_本地/远程"
"高效沉淀池","MW210","1#中心传动浓缩刮泥机_运行"
"高效沉淀池","MW211","1#中心传动浓缩刮泥机_故障"
"高效沉淀池","MW212","2#中心传动浓缩刮泥机_本地/远程"
"高效沉淀池","MW213","2#中心传动浓缩刮泥机_运行"
"高效沉淀池","MW214","2#中心传动浓缩刮泥机_故障"
"反硝化深床滤池","MW215","1#电动蝶阀_开到位"
"反硝化深床滤池","MW216","1#电动蝶阀_关到位"
"反硝化深床滤池","MW217","2#电动蝶阀_开到位"
"反硝化深床滤池","MW218","2#电动蝶阀_关到位"
"反硝化深床滤池","MW219","3#电动蝶阀_开到位"
"反硝化深床滤池","MW220","3#电动蝶阀_关到位"
"反硝化深床滤池","MW221","4#电动蝶阀_开到位"
"反硝化深床滤池","MW222","4#电动蝶阀_关到位"
"反硝化深床滤池","MW223","5#电动蝶阀_开到位"
"反硝化深床滤池","MW224","5#电动蝶阀_关到位"
"反硝化深床滤池","MW225","6#电动蝶阀_开到位"
"反硝化深床滤池","MW226","6#电动蝶阀_关到位"
"反硝化深床滤池","MW227","7#电动蝶阀_开到位"
"反硝化深床滤池","MW228","7#电动蝶阀_关到位"
"反硝化深床滤池","MW229","8#电动蝶阀_开到位"
"反硝化深床滤池","MW230","8#电动蝶阀_关到位"
"加药间","MW231","1#机械搅拌器_本地/远程"
"加药间","MW232","1#机械搅拌器_运行"
"加药间","MW233","1#机械搅拌器_故障"
"加药间","MW234","2#机械搅拌器_本地/远程"
"加药间","MW235","2#机械搅拌器_运行"
"加药间","MW236","2#机械搅拌器_故障"
"加药间","MW237","3#机械搅拌器_本地/远程"
"加药间","MW238","3#机械搅拌器_运行"
"加药间","MW239","3#机械搅拌器_故障"
"加药间","MW240","4#机械搅拌器_本地/远程"
"加药间","MW241","4#机械搅拌器_运行"
"加药间","MW242","4#机械搅拌器_故障"
"加药间","MW243","5#机械搅拌器_本地/远程"
"加药间","MW244","5#机械搅拌器_运行"
"加药间","MW245","5#机械搅拌器_故障"
"加药间","MW246","6#机械搅拌器_本地/远程"
"加药间","MW247","6#机械搅拌器_运行"
"加药间","MW248","6#机械搅拌器_故障"
"加药间","MW249","1#隔膜泵_本地/远程"
"加药间","MW250","1#隔膜泵_运行"
"加药间","MW251","1#隔膜泵_故障"
"加药间","MW252","2#隔膜泵_本地/远程"
"加药间","MW253","2#隔膜泵_运行"
"加药间","MW254","2#隔膜泵_故障"
"加药间","MW255","3#隔膜泵_本地/远程"
"加药间","MW256","3#隔膜泵_运行"
"加药间","MW257","3#隔膜泵_故障"
"加药间","MW258","4#隔膜泵_本地/远程"
"加药间","MW259","4#隔膜泵_运行"
"加药间","MW260","4#隔膜泵_故障"
"加药间","MW261","5#隔膜泵_本地/远程"
"加药间","MW262","5#隔膜泵_运行"
"细格栅沉砂池","MW263","输送机_故障"
"细格栅沉砂池","MW264","细格栅输送机_本地/远程"
"细格栅沉砂池","MW265","细格栅输送机_运行"
"细格栅沉砂池","MW266","细格栅输送机_故障"
"氧化沟","MW267","表曝机（变频）_本地/远程"
"氧化沟","MW268","表曝机（变频）_运行"
"氧化沟","MW269","表曝机（变频）_故障"
"氧化沟","MW270","表曝机（软启）_本地/远程"
"加药间","MW271","5#隔膜泵_故障"
"加药间","MW272","6#隔膜泵_本地/远程"
"加药间","MW273","6#隔膜泵_运行"
"加药间","MW274","6#隔膜泵_故障"
"加药间","MW275","7#隔膜泵_本地/远程"
"加药间","MW276","7#隔膜泵_运行"
"加药间","MW277","7#隔膜泵_故障"
"加药间","MW278","8#隔膜泵_本地/远程"
"加药间","MW279","8#隔膜泵_运行"
"加药间","MW280","8#隔膜泵_故障"
"加药间","MW281","9#隔膜泵_本地/远程"
"加药间","MW282","9#隔膜泵_运行"
"加药间","MW283","9#隔膜泵_故障"
"反硝化深床滤池","MW303","1#罗茨鼓风机_本地/远程"
"反硝化深床滤池","MW304","1#罗茨鼓风机_运行"
"反硝化深床滤池","MW305","1#罗茨鼓风机_故障"
"反硝化深床滤池","MW306","2#罗茨鼓风机_本地/远程"
"反硝化深床滤池","MW307","2#罗茨鼓风机_运行"
"反硝化深床滤池","MW308","2#罗茨鼓风机_故障"
"反硝化深床滤池","MW309","3#罗茨鼓风机_本地/远程"
"反硝化深床滤池","MW310","3#罗茨鼓风机_运行"
"反硝化深床滤池","MW311","3#罗茨鼓风机_故障"
"反硝化深床滤池","MW312","1#空压机_本地/远程"
"反硝化深床滤池","MW313","1#空压机_运行"
"反硝化深床滤池","MW314","1#空压机_故障"
"反硝化深床滤池","MW315","2#空压机_本地/远程"
"反硝化深床滤池","MW316","2#空压机_运行"
"反硝化深床滤池","MW317","2#空压机_故障"
"反硝化深床滤池","MW318","冷干机_本地/远程"
"反硝化深床滤池","MW319","冷干机_运行"
"反硝化深床滤池","MW320","冷干机_故障"
"反硝化深床滤池","MW321","1#反冲洗泵_本地/远程"
"反硝化深床滤池","MW322","1#反冲洗泵_运行"
"反硝化深床滤池","MW323","1#反冲洗泵_故障"
"反硝化深床滤池","MW324","2#反冲洗泵_本地/远程"
"反硝化深床滤池","MW325","2#反冲洗泵_运行"
"反硝化深床滤池","MW326","2#反冲洗泵_故障"
"反硝化深床滤池","MW327","1#混凝搅拌机_本地/远程"
"反硝化深床滤池","MW328","1#混凝搅拌机_运行"
"反硝化深床滤池","MW329","1#混凝搅拌机_故障"
"反硝化深床滤池","MW330","2#混凝搅拌机_本地/远程"
"反硝化深床滤池","MW331","2#混凝搅拌机_运行"
"反硝化深床滤池","MW332","2#混凝搅拌机_故障"
"反硝化深床滤池","MW333","1#电动蝶阀_远程"
"反硝化深床滤池","MW334","1#电动蝶阀_开到位"
"反硝化深床滤池","MW335","1#电动蝶阀_关到位"
"反硝化深床滤池","MW336","1#电动蝶阀_故障"
"反硝化深床滤池","MW337","2#电动蝶阀_远程"
"反硝化深床滤池","MW338","2#电动蝶阀_开到位"
"反硝化深床滤池","MW339","2#电动蝶阀_关到位"
"反硝化深床滤池","MW340","2#电动蝶阀_故障"
"反硝化深床滤池","MW341","3#电动蝶阀_远程"
"反硝化深床滤池","MW342","3#电动蝶阀_开到位"
"反硝化深床滤池","MW343","3#电动蝶阀_关到位"
"反硝化深床滤池","MW344","3#电动蝶阀_故障"
"氧化沟","MW351","表曝机（软启）_运行"
"氧化沟","MW352","表曝机（软启）_故障"
"氧化沟","MW353","1#推流器_本地/远程"
"氧化沟","MW354","1#推流器_运行"
"氧化沟","MW355","1#推流器_故障"
"氧化沟","MW356","2#推流器_本地/远程"
"氧化沟","MW357","2#推流器_运行"
"氧化沟","MW358","2#推流器_故障"
"氧化沟","MW359","3#推流器_本地/远程"
"氧化沟","MW360","3#推流器_运行"
"氧化沟","MW361","3#推流器_故障"
"氧化沟","MW362","4#推流器_本地/远程"
"氧化沟","MW363","4#推流器_运行"
"氧化沟","MW364","4#推流器_故障"
"氧化沟","MW365","5#推流器_本地/远程"
"氧化沟","MW366","5#推流器_运行"
"氧化沟","MW367","5#推流器_故障"
"氧化沟","MW368","电动阀_开到位"
"氧化沟","MW369","电动阀_关到位"
"氧化沟","MW370","6#推流器_本地/远程"
"氧化沟","MW371","6#推流器_运行"
"氧化沟","MW372","6#推流器_故障"
"氧化沟","MW373","7#推流器_本地/远程"
"氧化沟","MW374","7#推流器_运行"
"氧化沟","MW375","7#推流器_故障"
"氧化沟","MW376","8#推流器_本地/远程"
"氧化沟","MW377","8#推流器_运行"
"氧化沟","MW378","8#推流器_故障"
"氧化沟","MW379","4#推进器_本地/远程"
"氧化沟","MW380","4#推进器_运行"
"氧化沟","MW381","4#推进器_故障"
"一次提升泵房","MW383","粗格栅_启停故障"
"一次提升泵房","MW384","离心泵_启停故障"
"一次提升泵房","MW385","1#集水池提升泵_启停故障"
"一次提升泵房","MW386","2#集水池提升泵_启停故障"
"细格栅沉砂池","MW387","细格栅_启停故障"
"细格栅沉砂池","MW388","刮沙机_启停故障"
"细格栅沉砂池","MW389","输送机_启停故障"
"细格栅沉砂池","MW390","细格栅输送机_启停故障"
"氧化沟","MW391","表曝机（变频）_启停故障"
"氧化沟","MW392","表曝机（软启）_启停故障"
"氧化沟","MW393","1#推流器_启停故障"
"氧化沟","MW394","2#推流器_启停故障"
"氧化沟","MW395","3#推流器_启停故障"
"氧化沟","MW396","4#推流器_启停故障"
"氧化沟","MW397","5#推流器_启停故障"
"氧化沟","MW398","6#推流器_启停故障"
"氧化沟","MW399","7#推流器_启停故障"
"氧化沟","MW400","8#推流器_启停故障"
"氧化沟","MW401","4#推进器_启停故障"
"储泥池","MW402","1#储泥池搅拌机_启停故障"
"储泥池","MW403","2#储泥池搅拌机_启停故障"
"储泥池","MW404","1#污泥回流泵_启停故障"
"储泥池","MW405","2#污泥回流泵_启停故障"
"储泥池","MW406","1#打泥泵_启停故障"
"储泥池","MW407","2#打泥泵_启停故障"
"储泥池","MW408","1#刮泥机_启停故障"
"储泥池","MW409","2#刮泥机_启停故障"
"二次提升泵房","MW410","1#潜水泵_启停故障"
"二次提升泵房","MW411","2#潜水泵_启停故障"
"二次提升泵房","MW412","3#潜水泵_启停故障"
"高效沉淀池","MW413","1#快速搅拌机_启停故障"
"高效沉淀池","MW414","2#快速搅拌机_启停故障"
"高效沉淀池","MW415","1#絮凝搅拌机_启停故障"
"高效沉淀池","MW416","2#絮凝搅拌机_启停故障"
"高效沉淀池","MW417","1#螺杆泵_启停故障"
"高效沉淀池","MW418","2#螺杆泵_启停故障"
"高效沉淀池","MW419","3#螺杆泵_启停故障"
"高效沉淀池","MW420","4#螺杆泵_启停故障"
"高效沉淀池","MW421","5#螺杆泵_启停故障"
"高效沉淀池","MW422","6#螺杆泵_启停故障"
"高效沉淀池","MW423","潜水排污泵_启停故障"
"高效沉淀池","MW424","1#中心传动刮泥机_启停故障"
"高效沉淀池","MW425","2#中心传动刮泥机_启停故障"
"加药间","MW426","1#机械搅拌器_启停故障"
"加药间","MW427","2#机械搅拌器_启停故障"
"加药间","MW428","3#机械搅拌器_启停故障"
"加药间","MW429","4#机械搅拌器_启停故障"
"加药间","MW430","5#机械搅拌器_启停故障"
"加药间","MW431","6#机械搅拌器_启停故障"
"加药间","MW432","1#隔膜泵_启停故障"
"加药间","MW433","2#隔膜泵_启停故障"
"加药间","MW434","3#隔膜泵_启停故障"
"加药间","MW435","4#隔膜泵_启停故障"
"加药间","MW436","5#隔膜泵_启停故障"
"加药间","MW437","6#隔膜泵_启停故障"
"加药间","MW438","7#隔膜泵_启停故障"
"加药间","MW439","8#隔膜泵_启停故障"
"加药间","MW440","9#隔膜泵_启停故障"
"反硝化深床滤池","MW446","1#罗茨鼓风机_启停故障"
"反硝化深床滤池","MW447","2#罗茨鼓风机_启停故障"
"反硝化深床滤池","MW448","3#罗茨鼓风机_启停故障"
"反硝化深床滤池","MW449","1#空压机_启停故障"
"反硝化深床滤池","MW450","2#空压机_启停故障"
"反硝化深床滤池","MW451","冷干机_启停故障"
"反硝化深床滤池","MW452","1#反冲洗泵_启停故障"
"反硝化深床滤池","MW453","2#反冲洗泵_启停故障"
"反硝化深床滤池","MW454","1#混凝搅拌机_启停故障"
"反硝化深床滤池","MW455","2#混凝搅拌机_启停故障"
"消毒间","MW463","一号溶盐提升泵运行"
"消毒间","MW464","一号溶盐提升泵故障"
"消毒间","MW465","二号溶盐提升泵运行"
"消毒间","MW466","二号溶盐提升泵故障"
"消毒间","MW467","一号排氢风机运行"
"消毒间","MW468","一号排氢风机故障"
"消毒间","MW469","二号排氢风机运行"
"消毒间","MW470","二号排氢风机故障"
"消毒间","MW471","一号软水泵运行"
"消毒间","MW472","一号软水泵故障"
"消毒间","MW473","一号浓盐水泵运行"
"消毒间","MW474","一号浓盐水泵故障"
"消毒间","MW475","二号软水泵运行"
"消毒间","MW476","二号软水泵故障"
"消毒间","MW477","二号浓盐水泵运行"
"消毒间","MW478","二号浓盐水泵故障"
"消毒间","MW479","浓盐箱高液位"
"消毒间","MW480","浓盐箱中液位"
"消毒间","MW481","浓盐箱低液位"
"消毒间","MW482","软化水箱高液位"
"消毒间","MW483","软化水箱中液位"
"消毒间","MW484","软化水箱低液位"
"消毒间","MW485","储药箱高液位"
"消毒间","MW486","储药箱中液位"
"消毒间","MW487","一号流量计断流信号"
"消毒间","MW488","电接点压力低信号"
"消毒间","MW489","二号流量计断流信号"
"消毒间","MW493","储药箱低液位"
"消毒间","MW501","一号次氯酸钠投加泵运行"
"消毒间","MW502","一号次氯酸钠投加泵故障"
"消毒间","MW503","二号次氯酸钠投加泵运行"
"消毒间","MW504","二号次氯酸钠投加泵故障"
"消毒间","MW505","三号次氯酸钠投加泵运行"
"消毒间","MW506","三号次氯酸钠投加泵故障"
"消毒间","MW507","酸洗水泵运行"
"消毒间","MW508","酸洗水泵故障"
"消毒间","MW511","一号盐水进水阀开到位"
"消毒间","MW512","一号盐水进水阀关到位"
"消毒间","MW513","一号混合液出水阀开到位"
"消毒间","MW514","一号混合液出水阀关到位"
"消毒间","MW515","一号冷却水电动阀开到位"
"消毒间","MW516","一号冷却水电动阀关到位"
"消毒间","MW517","二号混合液出水阀开到位"
"消毒间","MW518","二号混合液出水阀关到位"
"消毒间","MW519","二号冷却水电动阀开到位"
"消毒间","MW520","二号冷却水电动阀关到位"
"消毒间","MW527","二号盐水进水阀开到位"
"消毒间","MW528","二号盐水进水阀关到位"
"消毒间","MW532","溶盐箱低液位"
"二次提升泵房","MW535","二次提升泵停止液位设定值"
"二次提升泵房","MW536","1#螺杆泵启动液位设定值"
"二次提升泵房","MW537","2#螺杆泵停止液位设定值"
"二次提升泵房","MW538","2#螺杆泵启动液位设定值"
"二次提升泵房","MW539","二次提升泵启动液位设定值"
"二次提升泵房","MW540","1#螺杆泵停止液位设定值"
"反硝化深床滤池","MW541","1#水池反冲洗定时设置-小时"
"反硝化深床滤池","MW542","1#水池反冲洗定时设置-分钟"
"反硝化深床滤池","MW543","2#水池反冲洗定时设置-小时"
"反硝化深床滤池","MW544","2#水池反冲洗定时设置-分钟"
"反硝化深床滤池","MW545","3#水池反冲洗定时设置-小时"
"反硝化深床滤池","MW546","3#水池反冲洗定时设置-分钟"
"反硝化深床滤池","MW547","4#水池反冲洗定时设置-小时"
"反硝化深床滤池","MW548","4#水池反冲洗定时设置-分钟"
"反硝化深床滤池","MW549","5#水池反冲洗定时设置-小时"
"反硝化深床滤池","MW550","5#水池反冲洗定时设置-分钟"
"进水在线监测房","MW663","进水累计流量"
"进水在线监测房","MW664","进水化学需氧量"
"进水在线监测房","MW665","进水氨氮"
"出水在线监测房","MW666","出水瞬时流量"
"出水在线监测房","MW667","出水水温"
"出水在线监测房","MW668","出水PH值"
"出水在线监测房","MW669","出水总磷"
"出水在线监测房","MW670","出水总氮"
"出水在线监测房","MW671","出水氨氮"
"出水在线监测房","MW672","出水化学需氧量"
"耗氧高温发酵","MW673","1#加热实时温度"
"耗氧高温发酵","MW674","1#油箱压力"
"耗氧高温发酵","MW675","1#油箱温度"
"耗氧高温发酵","MW676","1#引风温度"
"耗氧高温发酵","MW679","1#风机保护实时温度"
"耗氧高温发酵","MW680","1#发酵罐下层温度"
"耗氧高温发酵","MW681","1#发酵罐中层温度"
"耗氧高温发酵","MW682","1#发酵罐上层温度"
"耗氧高温发酵","MW685","2#油箱压力"
"耗氧高温发酵","MW686","2#油箱温度"
"耗氧高温发酵","MW690","2#风机保护实时温度"
"耗氧高温发酵","MW691","2#发酵罐下层温度"
"耗氧高温发酵","MW692","2#发酵罐中层温度"
"耗氧高温发酵","MW693","2#发酵罐上层温度"
"进水在线监测房","MW695","进水瞬时流量"
"一次提升泵房","MW696","粗格栅_启停"
"一次提升泵房","MW697","离心泵_启停"
"一次提升泵房","MW698","1#集水池提升泵_启停"
"一次提升泵房","MW699","2#集水池提升泵_启停"
"细格栅沉砂池","MW700","细格栅_启停"
"细格栅沉砂池","MW701","刮沙机_启停"
"细格栅沉砂池","MW702","输送机_启停"
"细格栅沉砂池","MW703","细格栅输送机_启停"
"氧化沟","MW704","表曝机（变频）_启停"
"氧化沟","MW705","表曝机（软启）_启停"
"氧化沟","MW706","1#推流器_启停"
"氧化沟","MW707","2#推流器_启停"
"氧化沟","MW708","3#推流器_启停"
"氧化沟","MW709","4#推流器_启停"
"氧化沟","MW710","5#推流器_启停"
"氧化沟","MW711","6#推流器_启停"
"反硝化深床滤池","MW720","1#罗茨鼓风机_启停"
"反硝化深床滤池","MW721","2#罗茨鼓风机_启停"
"反硝化深床滤池","MW722","3#罗茨鼓风机_启停"
"反硝化深床滤池","MW723","1#空压机_启停"
"反硝化深床滤池","MW724","2#空压机_启停"
"反硝化深床滤池","MW725","冷干机_启停"
"反硝化深床滤池","MW726","1#反冲洗泵_启停"
"反硝化深床滤池","MW727","2#反冲洗泵_启停"
"反硝化深床滤池","MW728","1#混凝搅拌机_启停"
"反硝化深床滤池","MW729","2#混凝搅拌机_启停"
"氧化沟","MW736","7#推流器_启停"
"氧化沟","MW737","8#推流器_启停"
"二沉池","MW738","4#推进器_启停"
"储泥池","MW744","1#储泥池搅拌机_启停"
"储泥池","MW745","2#储泥池搅拌机_启停"
"储泥池","MW746","1#污泥回流泵_启停"
"储泥池","MW747","2#污泥回流泵_启停"
"储泥池","MW748","1#打泥泵_启停"
"储泥池","MW749","2#打泥泵_启停"
"二沉池","MW750","1#刮泥机_启停"
"二沉池","MW751","2#刮泥机_启停"
"二次提升泵房","MW752","1#潜水泵_启停"
"二次提升泵房","MW753","2#潜水泵_启停"
"二次提升泵房","MW754","3#潜水泵_启停"
"高效沉淀池","MW755","1#快速搅拌机_启停"
"高效沉淀池","MW756","2#快速搅拌机_启停"
"高效沉淀池","MW757","1#絮凝搅拌机_启停"
"高效沉淀池","MW758","2#絮凝搅拌机_启停"
"高效沉淀池","MW759","1#螺杆泵_启停"
"高效沉淀池","MW760","2#螺杆泵_启停"
"高效沉淀池","MW761","3#螺杆泵_启停"
"高效沉淀池","MW762","4#螺杆泵_启停"
"高效沉淀池","MW763","5#螺杆泵_启停"
"高效沉淀池","MW764","6#螺杆泵_启停"
"高效沉淀池","MW765","潜水排污泵_启停"
"高效沉淀池","MW766","1#中心传动刮泥机_启停"
"高效沉淀池","MW767","2#中心传动刮泥机_启停"
"加药间","MW774","1#隔膜泵_启停"
"加药间","MW775","2#隔膜泵_启停"
"加药间","MW776","3#隔膜泵_启停"
"加药间","MW777","4#隔膜泵_启停"
"加药间","MW778","5#隔膜泵_启停"
"加药间","MW779","6#隔膜泵_启停"
"加药间","MW780","7#隔膜泵_启停"
"加药间","MW781","8#隔膜泵_启停"
"加药间","MW782","9#隔膜泵_启停"
"氧化沟","MW784","表爆机启停"
"进水在线监测房","MW792","每小时进水总累计流量"
"氧化沟","MW793","2#表爆机单次停机时间间隔分钟设定值"
"氧化沟","MW794","1#表爆机总运行时间-小时"
"氧化沟","MW795","1#表爆机总运行时间-分钟"
"氧化沟","MW796","1#表爆机单次运行时间-分钟"
"氧化沟","MW797","1#表爆机单次运行时间间隔分钟设定值"
"氧化沟","MW798","2#表爆机总运行时间-小时"
"氧化沟","MW799","2#表爆机总运行时间-分钟"
"出水在线监测房","MW800","每小时出水总累计流量"
"氧化沟","MW801","2#表爆机单次运行时间   分钟"
"氧化沟","MW802","2#表爆机单次运行时间间隔分钟设定值"
"氧化沟","MW803","1#表爆机单次停机时间间隔分钟设定值"
"进水在线监测房","MW804","PLC1#  COD"
"进水在线监测房","MW805","总磷分析仪"
"进水在线监测房","MW806","总氮分析仪"
"高效沉淀池","MW807","固体悬浮物分析仪（出水）"
"二次提升泵房","MW808","1#潜水泵频率反馈"
"二次提升泵房","MW809","2#潜水泵频率反馈"
"进水在线监测房","MW810","PLC1#  流量计"
"二次提升泵房","MW811","3#潜水泵频率反馈"
"二次提升泵房","MW812","超声波液位计"
"高效沉淀池","MW813","1#絮凝搅拌机频率反馈"
"高效沉淀池","MW814","2#絮凝搅拌机频率反馈"
"高效沉淀池","MW815","1#螺杆泵频率反馈"
"高效沉淀池","MW816","2#螺杆泵频率反馈"
"高效沉淀池","MW817","3#螺杆泵频率反馈"
"高效沉淀池","MW818","4#螺杆泵频率反馈"
"高效沉淀池","MW819","5#螺杆泵频率反馈"
"高效沉淀池","MW820","6#螺杆泵频率反馈"
"氧化沟","MW821","表曝机（变频）频率反馈"
"反硝化深床滤池","MW824","1#反冲洗泵频率反馈"
"反硝化深床滤池","MW825","2#反冲洗泵频率反馈"
"氧化沟","MW826","表曝机（软启）电流反馈"
"氧化沟","MW828","PLC1#  溶解氧（AZ)"
"氧化沟","MW829","PLC1#  污泥浓度计（AZ)"
"一次提升泵房","MW830","一次提升泵1#泵电流"
"一次提升泵房","MW831","一次提升泵2#泵电流"
"进水在线监测房","MW832","PLC1#  氨氮"
"出水在线监测房","MW833","PLC2#  COD"
"出水在线监测房","MW834","PLC2#  氨氮"
"出水在线监测房","MW835","PLC2#  PH +水温"
"出水在线监测房","MW836","PLC2#  总磷"
"进水在线监测房","MW837","PLC1#  PH"
"出水在线监测房","MW838","PLC2#  总氮"
"出水在线监测房","MW839","PLC2#  流量计"
"高效沉淀池","MW840","固体悬浮物分析仪（进水）"
"二次提升泵房","MW841","二次提升泵1#泵运行状态"
"二次提升泵房","MW842","二次提升泵1#泵运行时间-小时"
"二次提升泵房","MW843","二次提升泵1#泵运行时间-分钟"
"二次提升泵房","MW844","二次提升泵2#泵运行时间-小时"
"二次提升泵房","MW845","二次提升泵2#泵运行时间-分钟"
"二次提升泵房","MW846","二次提升泵3#泵运行时间-小时"
"二次提升泵房","MW847","二次提升泵3#泵运行时间-分钟"
"二次提升泵房","MW848","二次提升泵2#泵运行状态"
"二次提升泵房","MW849","二次提升泵3#泵运行状态"
"氧化沟","MW850","表曝机（变频）频率控制"
"二次提升泵房","MW851","1#潜水泵频率设定"
"二次提升泵房","MW852","2#潜水泵频率设定"
"二次提升泵房","MW853","3#潜水泵频率设定"
"高效沉淀池","MW854","1#絮凝搅拌机频率设定"
"高效沉淀池","MW855","2#絮凝搅拌机频率设定"
"高效沉淀池","MW856","1#螺杆泵频率设定"
"高效沉淀池","MW857","2#螺杆泵频率设定"
"高效沉淀池","MW858","3#螺杆泵频率设定"
"高效沉淀池","MW859","4#螺杆泵频率设定"
"高效沉淀池","MW860","5#螺杆泵频率设定"
"高效沉淀池","MW861","6#螺杆泵频率设定"
"反硝化深床滤池","MW862","1#反冲洗泵频率设定"
"反硝化深床滤池","MW863","2#反冲洗泵频率设定"
"反硝化深床滤池","MW864","反冲洗信号"
"氧化沟","MW865","表曝机（变频）手自动状态"
"氧化沟","MW866","表曝机（软启）手自动状态"
"进水在线监测房","MW919","PLC 1# COD报警使能"
"进水在线监测房","MW920","PLC 1# 氨氮报警使能"
"进水在线监测房","MW921","PLC 1# PH报警使能"
"进水在线监测房","MW922","PLC 1# 流量计报警使能"
"氧化沟","MW923","PLC 1# 溶解氧（AZ)报警使能"
"氧化沟","MW924","PLC 1# 污泥浓度计（AZ)报警使能"
"出水在线监测房","MW925","PLC 2# COD报警使能"
"出水在线监测房","MW926","PLC 2# 氨氮报警使能"
"出水在线监测房","MW927","PLC 2# PH +水温报警使能"
"出水在线监测房","MW928","PLC 2# 总磷报警使能"
"出水在线监测房","MW929","PLC 2# 总氮报警使能"
"出水在线监测房","MW930","PLC 2# 流量计报警使能"
"高效沉淀池","MW931","固体悬浮物分析仪（进水）报警使能"
"进水在线监测房","MW932","总磷分析仪报警使能"
"进水在线监测房","MW933","总氮分析仪报警使能"
"高效沉淀池","MW934","固体悬浮物分析仪（出水）报警使能"
"二次提升泵房","MW935","超声波液位计报警使能"
"进水在线监测房","MW943","PLC1#   COD低警告设定值"
"氧化沟","MW944","PLC1#   污泥浓度计（AZ)低报警设定值"
"出水在线监测房","MW945","PLC2#   COD低报警设定值"
"出水在线监测房","MW946","PLC2#   氨氮低报警设定值"
"出水在线监测房","MW947","PLC2#   PH +水温低报警设定值"
"出水在线监测房","MW948","PLC2#   总磷低报警设定值"
"进水在线监测房","MW949","PLC1#   流量计低警告设定值"
"出水在线监测房","MW950","PLC2#   总氮低报警设定值"
"出水在线监测房","MW951","PLC2#   流量计低报警设定值"
"高效沉淀池","MW952","固体悬浮物分析仪（进水）低报警设定值"
"进水在线监测房","MW953","总磷分析仪低报警设定值"
"进水在线监测房","MW954","总氮分析仪低报警设定值"
"高效沉淀池","MW955","固体悬浮物分析仪（出水）低报警设定值"
"二次提升泵房","MW956","超声波液位计低报警设定值"
"氧化沟","MW960","PLC1#   溶解氧（AZ)低警告设定值"
"进水在线监测房","MW961","PLC1#   COD高警告设定值"
"进水在线监测房","MW962","PLC1#   氨氮高警告设定值"
"进水在线监测房","MW963","PLC1#   PH高警告设定值"
"进水在线监测房","MW964","PLC1#   流量计高警告设定值"
"氧化沟","MW965","PLC1#   溶解氧（AZ)高警告设定值"
"氧化沟","MW966","PLC1#   污泥浓度计（AZ)高警告设定值"
"出水在线监测房","MW967","PLC2#   COD高警告设定值"
"出水在线监测房","MW968","PLC2#   氨氮高警告设定值"
"出水在线监测房","MW969","PLC2#   PH +水温高警告设定值"
"出水在线监测房","MW970","PLC2#   总磷高警告设定值"
"氧化沟","MW971","PLC1#   污泥浓度计（AZ)低警告设定值"
"出水在线监测房","MW972","PLC2#   总氮高警告设定值"
"出水在线监测房","MW973","PLC2#   流量计高警告设定值"
"高效沉淀池","MW974","固体悬浮物分析仪（进水）高警告设定值"
"进水在线监测房","MW975","总磷分析仪高警告设定值"
"进水在线监测房","MW976","总氮分析仪高警告设定值"
"高效沉淀池","MW977","固体悬浮物分析仪（出水）高警告设定值"
"二次提升泵房","MW978","超声波液位计高警告设定值"
"出水在线监测房","MW982","PLC2#   COD低警告设定值"
"进水在线监测房","MW983","PLC1#   COD高报警设定值"
"进水在线监测房","MW984","PLC1#   氨氮高报警设定值"
"进水在线监测房","MW985","PLC1#   PH高报警设定值"
"进水在线监测房","MW986","PLC1#   流量计高报警设定值"
"氧化沟","MW987","PLC1#   溶解氧（AZ)高报警设定值"
"氧化沟","MW988","PLC1#   污泥浓度计（AZ)高报警设定值"
"出水在线监测房","MW989","PLC2#   COD高报警设定值"
"出水在线监测房","MW990","PLC2#   氨氮高报警设定值"
"出水在线监测房","MW991","PLC2#   PH +水温高报警设定值"
"出水在线监测房","MW992","PLC2#   总磷高报警设定值"
"出水在线监测房","MW993","PLC2#   氨氮低警告设定值"
"出水在线监测房","MW994","PLC2#   总氮高报警设定值"
"出水在线监测房","MW995","PLC2#   流量计高报警设定值"
"高效沉淀池","MW996","固体悬浮物分析仪（进水）高报警设定值"
"进水在线监测房","MW997","总磷分析仪高报警设定值"
"进水在线监测房","MW998","总氮分析仪高报警设定值"
"高效沉淀池","MW999","固体悬浮物分析仪（出水）高报警设定值"
"二次提升泵房","MW1000","超声波液位计高报警设定值"
"出水在线监测房","MW1004","PLC2#   PH +水温低警告设定值"
"出水在线监测房","MW1005","PLC2#   总磷低警告设定值"
"进水在线监测房","MW1006","PLC1#   氨氮低警告设定值"
"出水在线监测房","MW1007","PLC2#   总氮低警告设定值"
"出水在线监测房","MW1008","PLC2#   流量计低警告设定值"
"高效沉淀池","MW1009","固体悬浮物分析仪（进水）低警告设定值"
"进水在线监测房","MW1010","总磷分析仪低警告设定值"
"进水在线监测房","MW1011","总氮分析仪低警告设定值"
"高效沉淀池","MW1012","固体悬浮物分析仪（出水）低警告设定值"
"二次提升泵房","MW1013","超声波液位计低警告设定值"
"进水在线监测房","MW1017","PLC1#   PH低警告设定值"
"进水在线监测房","MW1018","PLC1#   COD低报警设定值"
"进水在线监测房","MW1019","PLC1#   氨氮低报警设定值"
"进水在线监测房","MW1020","PLC1#   PH低报警设定值"
"进水在线监测房","MW1021","PLC1#   流量计低报警设定值"
"氧化沟","MW1022","PLC1#   溶解氧（AZ)低报警设定值"
"进水在线监测房","MW1023","PLC1#   COD低警告"
"进水在线监测房","MW1024","PLC1#   氨氮低警告"
"进水在线监测房","MW1025","PLC1#   PH低警告"
"进水在线监测房","MW1026","PLC1#   流量计低警告"
"氧化沟","MW1027","PLC1#   溶解氧（AZ)低警告"
"氧化沟","MW1028","PLC1#   污泥浓度计（AZ)低警告"
"出水在线监测房","MW1029","PLC2#   COD低警告"
"出水在线监测房","MW1030","PLC2#   氨氮低警告"
"出水在线监测房","MW1031","PLC2#   PH +水温低警告"
"出水在线监测房","MW1032","PLC2#   总磷低警告"
"出水在线监测房","MW1033","PLC2#   总氮低警告"
"出水在线监测房","MW1034","PLC2#   流量计低警告"
"高效沉淀池","MW1035","固体悬浮物分析仪（进水）低警告"
"进水在线监测房","MW1036","总磷分析仪低警告"
"进水在线监测房","MW1037","总氮分析仪低警告"
"高效沉淀池","MW1038","固体悬浮物分析仪（出水）低警告"
"二次提升泵房","MW1039","超声波液位计低警告"
"进水在线监测房","MW1043","PLC1#   COD低报警"
"进水在线监测房","MW1044","PLC1#   氨氮低报警"
"进水在线监测房","MW1045","PLC1#   PH低报警"
"进水在线监测房","MW1046","PLC1#   流量计低报警"
"氧化沟","MW1047","PLC1#   溶解氧（AZ)低报警"
"氧化沟","MW1048","PLC1#   污泥浓度计（AZ)低报警"
"出水在线监测房","MW1049","PLC2#   COD低报警"
"出水在线监测房","MW1050","PLC2#   氨氮低报警"
"出水在线监测房","MW1051","PLC2#   PH +水温低报警"
"出水在线监测房","MW1052","PLC2#   总磷低报警"
"出水在线监测房","MW1053","PLC2#   总氮低报警"
"出水在线监测房","MW1054","PLC2#   流量计低报警"
"高效沉淀池","MW1055","固体悬浮物分析仪（进水）低报警"
"进水在线监测房","MW1056","总磷分析仪低报警"
"进水在线监测房","MW1057","总氮分析仪低报警"
"高效沉淀池","MW1058","固体悬浮物分析仪（出水）低报警"
"二次提升泵房","MW1059","超声波液位计低报警"
"进水在线监测房","MW1063","PLC1#   COD高警告"
"进水在线监测房","MW1064","PLC1#   氨氮高警告"
"进水在线监测房","MW1065","PLC1#   PH高警告"
"进水在线监测房","MW1066","PLC1#   流量计高警告"
"氧化沟","MW1067","PLC1#   溶解氧（AZ)高警告"
"氧化沟","MW1068","PLC1#   污泥浓度计（AZ)高警告"
"出水在线监测房","MW1069","PLC2#   COD高警告"
"出水在线监测房","MW1070","PLC2#   氨氮高警告"
"出水在线监测房","MW1071","PLC2#   PH +水温高警告"
"出水在线监测房","MW1072","PLC2#   总磷高警告"
"出水在线监测房","MW1073","PLC2#   总氮高警告"
"出水在线监测房","MW1074","PLC2#   流量计高警告"
"高效沉淀池","MW1075","固体悬浮物分析仪（进水）高警告"
"进水在线监测房","MW1076","总磷分析仪高警告"
"进水在线监测房","MW1077","总氮分析仪高警告"
"高效沉淀池","MW1078","固体悬浮物分析仪（出水）高警告"
"二次提升泵房","MW1079","超声波液位计高警告"
"进水在线监测房","MW1083","PLC1#   COD高报警"
"进水在线监测房","MW1084","PLC1#   氨氮高报警"
"进水在线监测房","MW1085","PLC1#   PH高报警"
"进水在线监测房","MW1086","PLC1#   流量计高报警"
"氧化沟","MW1087","PLC1#   溶解氧（AZ)高报警"
"氧化沟","MW1088","PLC1#   污泥浓度计（AZ)高报警"
"出水在线监测房","MW1089","PLC2#   COD高报警"
"出水在线监测房","MW1090","PLC2#   氨氮高报警"
"出水在线监测房","MW1091","PLC2#   PH +水温高报警"
"出水在线监测房","MW1092","PLC2#   总磷高报警"
"出水在线监测房","MW1093","PLC2#   总氮高报警"
"出水在线监测房","MW1094","PLC2#   流量计高报警"
"高效沉淀池","MW1095","固体悬浮物分析仪（进水）高报警"
"进水在线监测房","MW1096","总磷分析仪高报警"
"进水在线监测房","MW1097","总氮分析仪高报警"
"高效沉淀池","MW1098","固体悬浮物分析仪（出水）高报警"
"二次提升泵房","MW1099","超声波液位计高报警"
"出水在线监测房","MW1103","出水，累计流量"
"进水在线监测房","MW1104","进水，累计流量"
"氧化沟","EM231124040001","2#表曝机用电量"
"氧化沟","EM231124040002","1#表曝机用电量"
"加药间","GW1_FLOWS","瞬时流量"
"加药间","GW1_SPEED","瞬时流速"
"加药间","GW1_PERCENT","流量百分比"
"加药间","GW1_RADIO","流体电导比"
"加药间","GW1_PCIP","正向累计量整数部分"
"加药间","GW1_PCFP","正向累计量小数部分"
"加药间","GW1_PCSUM","正向累计量"
"加药间","GW1_NCIP","反向累计量整数部分"
"加药间","GW1_NCFP","反向累计量整数部分"
"加药间","GW1_NCSUM","反向累计量"
"加药间","GW1_IFU","瞬时流量单位"
"加药间","GW1_TFU","累计流量单位"
"氧化沟","MW2000","PCL2 #溶解氧"
"脱泥机房","EM240614150001","高温发酵罐用电量"
"消毒间","EM240614150002","次氯酸钠房用电量"
"进水在线监测房","MW2002","进水累计流量"
"出水在线监测房","MW2001","出水累计流量"
"消毒间","MW509","一号电加热运行"
"消毒间","MW510","二号电加热运行"
"一次提升泵房","MW2003","启停手自动  0自动"
"一次提升泵房","MW2004","启停手自动  0自动"
"一次提升泵房","MW2005","启停手自动  0自动"
"细格栅沉砂池","MW2006","启停手自动  0自动"
"细格栅沉砂池","MW2007","启停手自动  0自动"
"细格栅沉砂池","MW2008","启停手自动  0自动"
"细格栅沉砂池","MW2009","启停手自动  0自动"
"氧化沟","MW2010","启停手自动  0自动"
"氧化沟","MW2011","启停手自动  0自动"
"氧化沟","MW2012","启停手自动  0自动"
"氧化沟","MW2013","启停手自动  0自动"
"氧化沟","MW2014","启停手自动  0自动"
"氧化沟","MW2015","启停手自动  0自动"
"氧化沟","MW2016","启停手自动  0自动"
"氧化沟","MW2017","启停手自动  0自动"
"二沉池","MW2018","启停手自动  0自动"
"二沉池","MW2019","启停手自动  0自动"
"二沉池","MW2020","启停手自动  0自动"
"二沉池","MW2021","启停手自动  0自动"
"二次提升泵房","MW2022","启停手自动  0自动"
"二次提升泵房","MW2023","频率设定手自动"
"二次提升泵房","MW2024","启停手自动  0自动"
"二次提升泵房","MW2025","频率设定手自动"
"二次提升泵房","MW2026","启停手自动  0自动"
"二次提升泵房","MW2027","频率设定手自动"
"高效沉淀池","MW2028","启停手自动  0自动"
"高效沉淀池","MW2029","启停手自动  0自动"
"高效沉淀池","MW2030","启停手自动  0自动"
"高效沉淀池","MW2031","频率设定手自动"
"高效沉淀池","MW2032","启停手自动  0自动"
"高效沉淀池","MW2033","频率设定手自动"
"高效沉淀池","MW2034","启停手自动  0自动"
"高效沉淀池","MW2035","启停手自动  0自动"
"高效沉淀池","MW2036","启停手自动  0自动"
"高效沉淀池","MW2037","频率设定手自动"
"高效沉淀池","MW2038","启停手自动  0自动"
"高效沉淀池","MW2039","频率设定手自动"
"高效沉淀池","MW2040","启停手自动  0自动"
"高效沉淀池","MW2041","频率设定手自动"
"高效沉淀池","MW2042","启停手自动  0自动"
"高效沉淀池","MW2043","频率设定手自动"
"高效沉淀池","MW2044","启停手自动  0自动"
"高效沉淀池","MW2045","频率设定手自动"
"高效沉淀池","MW2046","启停手自动  0自动"
"高效沉淀池","MW2047","频率设定手自动"
"高效沉淀池","MW2048","1#污泥界面分析仪"
"高效沉淀池","MW2049","2#污泥界面分析仪"
"反硝化深床滤池","MW2050","启停手自动  0自动"
"反硝化深床滤池","MW2051","启停手自动  0自动"
"反硝化深床滤池","MW2052","启停手自动  0自动"
"反硝化深床滤池","MW2053","启停手自动  0自动"
"反硝化深床滤池","MW2054","频率设定手自动"
"反硝化深床滤池","MW2055","启停手自动  0自动"
"反硝化深床滤池","MW2056","频率设定手自动"
"反硝化深床滤池","MW2057","启停手自动  0自动"
"反硝化深床滤池","MW2058","启停手自动  0自动"
"反硝化深床滤池","MW2059","启停手自动  0自动"
"储泥池","MW2060","启停手自动  0自动"
"储泥池","MW2061","启停手自动  0自动"
"加药间","MW2062","启停手自动  0自动"
"加药间","MW2063","启停手自动  0自动"
"加药间","MW2064","启停手自动  0自动"
"加药间","MW2065","启停手自动  0自动"
"加药间","MW2066","启停手自动  0自动"
"加药间","MW2067","启停手自动  0自动"
"加药间","MW2068","启停手自动  0自动"
"加药间","MW2069","启停手自动  0自动"
"加药间","MW2070","启停手自动  0自动"
"加药间","MW2071","启停手自动  0自动"
"加药间","MW2072","启停"
"加药间","MW2073","启停手自动  0自动"
"加药间","MW2074","启停"
"加药间","MW2075","启停手自动  0自动"
"加药间","MW2076","启停"
"加药间","MW2077","启停手自动  0自动"
"加药间","MW2078","启停"
"加药间","MW2079","启停手自动  0自动"
"加药间","MW2080","启停"
"加药间","MW2081","启停手自动  0自动"
"加药间","MW2082","启停"
"加药间","MW2083","本地/远程"
"加药间","MW2084","运行信号"
"加药间","MW2085","故障信号"
"加药间","MW2087","启停手自动 ?0自动"
"加药间","MW2088","启停"
"消毒间","smart.XDJ.NYSXT.NYS","浓盐水系统自动"
"消毒间","smart.XDJ.NYSXT.NYS1","一号溶盐提升泵手动启停"
"消毒间","smart.XDJ.NYSXT.NYS2","二号溶盐提升泵手动启停"
"消毒间","smart.XDJ.NYSXT.NYS3","一号盐水进水阀开关"
"消毒间","smart.XDJ.NYSXT.NYS4","二号盐水进水阀开关"
"消毒间","smart.XDJ.PQXT.PQ","排氢系统自动"
"消毒间","smart.XDJ.PQXT.PQ1","1#排氢风机手动启停"
"消毒间","smart.XDJ.PQXT.PQ2","2#排氢风机手动启停"
"消毒间","smart.XDJ.JYXT.ETJBSDQT","二号次氯酸钠投加泵手动启停"
"消毒间","smart.XDJ.JYXT.ETJBZDQT","二号次氯酸钠投加泵自动启停"
"消毒间","smart.XDJ.JYXT.JYXT_JYXTZD","次氯酸钠加药系统自动"
"消毒间","smart.XDJ.JYXT.STJBSDQT","三号次氯酸钠投加泵手动启停"
"消毒间","smart.XDJ.JYXT.STJBZDQT","三号次氯酸钠投加泵自动启停"
"消毒间","smart.XDJ.JYXT.YGP","一号高频电源运行"
"消毒间","smart.XDJ.JYXT.YGP2","二号高频电源运行"
"消毒间","smart.XDJ.JYXT.YK","远控信号"
"消毒间","smart.XDJ.JYXT.YLSX","余氯上限信号"
"消毒间","smart.XDJ.JYXT.YLXX","余氯下限信号"
"消毒间","smart.XDJ.JYXT.YTJBSDQT","一号次氯酸钠投加泵手动启停"
"消毒间","smart.XDJ.JYXT.YTJBZDQT","一号次氯酸钠投加泵自动启停"
"消毒间","smart.XDJ.WKXT.E","2#电解温度超高设定"
"消毒间","smart.XDJ.WKXT.E1","2#电解温度中设定"
"消毒间","smart.XDJ.WKXT.E2","2#电解温度高设定"
"消毒间","smart.XDJ.WKXT.E3","2#电解温度显示"
"消毒间","smart.XDJ.WKXT.EH","2#电加热自动加热"
"消毒间","smart.XDJ.WKXT.EH1","2#电加热手动加热"
"消毒间","smart.XDJ.WKXT.EH2","2#电加热运行"
"消毒间","smart.XDJ.WKXT.ELQDDFSDKG","二号冷却水电动阀手动开关"
"消毒间","smart.XDJ.WKXT.ELQDDFZDKG","二号冷却水电动阀自动开关"
"消毒间","smart.XDJ.WKXT.XTZD","温控系统自动"
"消毒间","smart.XDJ.WKXT.Y","1#电解温度超高设定"
"消毒间","smart.XDJ.WKXT.Y1","1#电解温度中设定"
"消毒间","smart.XDJ.WKXT.Y2","1#电解温度高设定"
"消毒间","smart.XDJ.WKXT.Y3","1#电解温度显示"
"消毒间","smart.XDJ.WKXT.YH","1#电加热自动加热"
"消毒间","smart.XDJ.WKXT.YH1","1#电加热手动加热"
"消毒间","smart.XDJ.WKXT.YH2","1#电加热运行"
"消毒间","smart.XDJ.WKXT.YLQDDFSDKG","一号冷却水电动阀手动开关"
"消毒间","smart.XDJ.WKXT.YLQDDFZDKG","一号冷却水电动阀自动开关"
"消毒间","smart.XDJ.PYXT.PY","配药系统自动"
"消毒间","smart.XDJ.PYXT.PY1","配药选择"
"消毒间","smart.XDJ.PYXT.PY10","一号浓盐水泵手动启停"
"消毒间","smart.XDJ.PYXT.PY11","一号软水泵手动启停"
"消毒间","smart.XDJ.PYXT.PY12","一号混合液出水阀手动开关"
"消毒间","smart.XDJ.PYXT.PY13","一号配药泵异常"
"消毒间","smart.XDJ.PYXT.PY2","一号电加热停机标志"
"消毒间","smart.XDJ.PYXT.PY3","二号浓盐水泵手动启停"
"消毒间","smart.XDJ.PYXT.PY4","二号软水泵手动启停"
"消毒间","smart.XDJ.PYXT.PY5","二号混合液出水阀手动开关"
"消毒间","smart.XDJ.PYXT.PY6","二号配药泵异常"
"消毒间","smart.XDJ.PYXT.PY7","二号电加热停机标志"
"消毒间","smart.XDJ.PYXT.PY8","氢气浓度信号"
"消毒间","smart.XDJ.PYXT.PY9","酸洗水泵手动启停"
"反硝化深床滤池","HX.fxh.e.E1","2#水池反冲洗运行信号"
"反硝化深床滤池","HX.fxh.e.E10","2#水池反洗排水阀手动"
"反硝化深床滤池","HX.fxh.e.E11","2#水池反洗排水阀开反馈"
"反硝化深床滤池","HX.fxh.e.E12","2#水池反洗排水阀关反馈"
"反硝化深床滤池","HX.fxh.e.E13","2#水池反洗进水阀手动"
"反硝化深床滤池","HX.fxh.e.E14","2#水池反洗进水阀开反馈"
"反硝化深床滤池","HX.fxh.e.E15","2#水池反洗进水阀关反馈"
"反硝化深床滤池","HX.fxh.e.E16","2#水池反洗进气阀手动"
"反硝化深床滤池","HX.fxh.e.E17","2#水池反洗进气阀开反馈"
"反硝化深床滤池","HX.fxh.e.E18","2#水池反洗进气阀关反馈"
"反硝化深床滤池","HX.fxh.e.E2","2#水池液位设定高度"
"反硝化深床滤池","HX.fxh.e.E3","2#水池液位高度"
"反硝化深床滤池","HX.fxh.e.E4","2#水池手自动"
"反硝化深床滤池","HX.fxh.e.E5","2#水池排水阀手动开度"
"反硝化深床滤池","HX.fxh.e.E6","2#水池排水阀反馈"
"反硝化深床滤池","HX.fxh.e.E7","2#水池进水阀手动"
"反硝化深床滤池","HX.fxh.e.E8","2#水池进水阀开反馈"
"反硝化深床滤池","HX.fxh.e.E9","2#水池进水阀关反馈"
"反硝化深床滤池","HX.fxh.qt.Q1","排水阀调节Kp"
"反硝化深床滤池","HX.fxh.qt.Q2","排水阀调节Ki"
"反硝化深床滤池","HX.fxh.qt.Q3","反冲洗水洗时间"
"反硝化深床滤池","HX.fxh.qt.Q4","反冲洗水气混合洗时间"
"反硝化深床滤池","HX.fxh.qt.Q5","反冲洗气洗时间"
"反硝化深床滤池","HX.fxh.qt.Q6","反冲洗进水总管流量"
"反硝化深床滤池","HX.fxh.qt.Q7","反冲洗进水总管阀门手动"
"反硝化深床滤池","HX.fxh.qt.Q8","反冲洗进水总管阀门反馈"
"反硝化深床滤池","HX.fxh.qt.Q9","出水阀过滤最小值"
"反硝化深床滤池","HX.fxh.s.S10","3#水池反洗排水阀开反馈"
"反硝化深床滤池","HX.fxh.s.S11","3#水池反洗排水阀关反馈"
"反硝化深床滤池","HX.fxh.s.S12","3#水池反洗进水阀手动"
"反硝化深床滤池","HX.fxh.s.S13","3#水池反洗进水阀开反馈"
"反硝化深床滤池","HX.fxh.s.S14","3#水池反洗进水阀关反馈"
"反硝化深床滤池","HX.fxh.s.S15","3#水池反洗进气阀手动"
"反硝化深床滤池","HX.fxh.s.S16","3#水池反洗进气阀开反馈"
"反硝化深床滤池","HX.fxh.s.S17","3#水池反洗进气阀关反馈"
"反硝化深床滤池","HX.fxh.s.S18","3#水池反冲洗运行信号"
"反硝化深床滤池","HX.fxh.s.S2","3#水池液位高度"
"反硝化深床滤池","HX.fxh.s.S3","3#水池手自动"
"反硝化深床滤池","HX.fxh.s.S4","3#水池排水阀手动开度"
"反硝化深床滤池","HX.fxh.s.S5","3#水池排水阀反馈"
"反硝化深床滤池","HX.fxh.s.S6","3#水池进水阀手动"
"反硝化深床滤池","HX.fxh.s.S7","3#水池进水阀开反馈"
"反硝化深床滤池","HX.fxh.s.S8","3#水池进水阀关反馈"
"反硝化深床滤池","HX.fxh.s.S9","3#水池反洗排水阀手动"
"反硝化深床滤池","HX.fxh.s.SQ1","3#水池液位设定高度 "
"反硝化深床滤池","HX.fxh.y.Y1","1#水池液位设定高度"
"反硝化深床滤池","HX.fxh.y.Y10","1#水池反洗排水阀开反馈"
"反硝化深床滤池","HX.fxh.y.Y11","1#水池反洗排水阀关反馈"
"反硝化深床滤池","HX.fxh.y.Y12","1#水池反洗进水阀手动"
"反硝化深床滤池","HX.fxh.y.Y13","1#水池反洗进水阀开反馈"
"反硝化深床滤池","HX.fxh.y.Y14","1#水池反洗进水阀关反馈"
"反硝化深床滤池","HX.fxh.y.Y15","1#水池反洗进气阀手动"
"反硝化深床滤池","HX.fxh.y.Y16","1#水池反洗进气阀开反馈"
"反硝化深床滤池","HX.fxh.y.Y17","1#水池反洗进气阀关反馈"
"反硝化深床滤池","HX.fxh.y.Y18","1#水池反冲洗运行信号"
"反硝化深床滤池","HX.fxh.y.Y2","1#水池液位高度"
"反硝化深床滤池","HX.fxh.y.Y3","1#水池手自动"
"反硝化深床滤池","HX.fxh.y.Y4","1#水池排水阀手动开度"
"反硝化深床滤池","HX.fxh.y.Y5","1#水池排水阀反馈"
"反硝化深床滤池","HX.fxh.y.Y6","1#水池进水阀手动"
"反硝化深床滤池","HX.fxh.y.Y7","1#水池进水阀开反馈"
"反硝化深床滤池","HX.fxh.y.Y8","1#水池进水阀关反馈"
"反硝化深床滤池","HX.fxh.y.Y9","1#水池反洗排水阀手动"
"反硝化深床滤池","HX.fxh.W.W1","5#水池液位设定高度"
"反硝化深床滤池","HX.fxh.W.W10","5#水池反洗排水阀开反馈"
"反硝化深床滤池","HX.fxh.W.W11","5#水池反洗排水阀关反馈"
"反硝化深床滤池","HX.fxh.W.W12","5#水池反洗进水阀手动"
"反硝化深床滤池","HX.fxh.W.W13","5#水池反洗进水阀开反馈"
"反硝化深床滤池","HX.fxh.W.W14","5#水池反洗进水阀关反馈"
"反硝化深床滤池","HX.fxh.W.W15","5#水池反洗进气阀手动"
"反硝化深床滤池","HX.fxh.W.W16","5#水池反洗进气阀开反馈"
"反硝化深床滤池","HX.fxh.W.W17","5#水池反洗进气阀关反馈"
"反硝化深床滤池","HX.fxh.W.W18","5#水池反冲洗运行信号"
"反硝化深床滤池","HX.fxh.W.W2","5#水池液位高度"
"反硝化深床滤池","HX.fxh.W.W3","5#水池手自动"
"反硝化深床滤池","HX.fxh.W.W4","5#水池排水阀手动开度"
"反硝化深床滤池","HX.fxh.W.W5","5#水池排水阀反馈"
"反硝化深床滤池","HX.fxh.W.W6","5#水池进水阀手动"
"反硝化深床滤池","HX.fxh.W.W7","5#水池进水阀开反馈"
"反硝化深床滤池","HX.fxh.W.W8","5#水池进水阀关反馈"
"反硝化深床滤池","HX.fxh.W.W9","5#水池反洗排水阀手动"
"反硝化深床滤池","HX.fxh.SH.SH1","4#水池液位设定高度"
"反硝化深床滤池","HX.fxh.SH.SH10","4#水池反洗排水阀开反馈"
"反硝化深床滤池","HX.fxh.SH.SH11","4#水池反洗排水阀关反馈"
"反硝化深床滤池","HX.fxh.SH.SH12","4#水池反洗进水阀手动"
"反硝化深床滤池","HX.fxh.SH.SH13","4#水池反洗进水阀开反馈"
"反硝化深床滤池","HX.fxh.SH.SH14","4#水池反洗进水阀关反馈"
"反硝化深床滤池","HX.fxh.SH.SH15","4#水池反洗进气阀手动"
"反硝化深床滤池","HX.fxh.SH.SH16","4#水池反洗进气阀开反馈"
"反硝化深床滤池","HX.fxh.SH.SH17","4#水池反洗进气阀关反馈"
"反硝化深床滤池","HX.fxh.SH.SH18","4#水池反冲洗运行信号"
"反硝化深床滤池","HX.fxh.SH.SH2","4#水池液位高度"
"反硝化深床滤池","HX.fxh.SH.SH3","4#水池手自动"
"反硝化深床滤池","HX.fxh.SH.SH4","4#水池排水阀手动开度"
"反硝化深床滤池","HX.fxh.SH.SH5","4#水池排水阀反馈"
"反硝化深床滤池","HX.fxh.SH.SH6","4#水池进水阀手动"
"反硝化深床滤池","HX.fxh.SH.SH7","4#水池进水阀开反馈"
"反硝化深床滤池","HX.fxh.SH.SH8","4#水池进水阀关反馈"
"反硝化深床滤池","HX.fxh.SH.SH9","4#水池反洗排水阀手动"
"西门泵站","GATEWAY1_DI0","泵站高液位"
"西门泵站","GATEWAY1_ERR","智能网关通信故障"
"西门泵站","GATEWAY1_DI7",
"西门泵站","GATEWAY1_DI1","2号提升泵远程"
"西门泵站","GATEWAY1_DI2","2号提升泵运行"
"西门泵站","GATEWAY1_DI3","西门泵站2号提升泵故障"
"西门泵站","MW2099","2#泵手自动切换"
"西门泵站","MW2100","2#泵启停控制"
"西门泵站","MW2101","2#泵运行时间设定"
"西门泵站","MW2102","2#泵运行时间"
"西门泵站","MW2103","2#泵停止时间设定"
"西门泵站","MW2104","2#泵停止时间"
"西门泵站","GATEWAY1_DI4","3号提升泵远程"
"西门泵站","GATEWAY1_DI5","3号提升泵运行"
"西门泵站","GATEWAY1_DI6","3号提升泵故障"
"西门泵站","MW2105","3#泵手自动切换"
"西门泵站","MW2106","3#泵启停控制"
"西门泵站","MW2107","3#泵运行时间设定"
"西门泵站","MW2108","3#泵运行时间"
"西门泵站","MW2109","3#泵停止时间设定"
"西门泵站","MW2110","3#泵停止时间"
"一次提升泵房","MW2089","1#泵启停控制"
"一次提升泵房","MW2090","1#泵运行时间设定"
"一次提升泵房","MW2091","1#泵运行时间"
"一次提升泵房","MW2092","1#泵停止时间设定"
"一次提升泵房","MW2093","1#泵停止时间"
"一次提升泵房","MW2094","2#泵启停控制"
"一次提升泵房","MW2095","2#泵运行时间设定"
"一次提升泵房","MW2096","2#泵运行时间"
"一次提升泵房","MW2097","2#泵停止时间设定"
"一次提升泵房","MW2098","2#泵停止时间"
"其它","EM240719070001","一期旧设备总电源电量"
"氧化沟","MW2111","1#表曝机运行时间设定"
"氧化沟","MW2112","1#表曝机运行时间"
"氧化沟","MW2113","1#表曝机停止时间设定"
"氧化沟","MW2114","1#表曝机停止时间"
"氧化沟","MW2115","2#表曝机运行时间设定"
"氧化沟","MW2116","2#表曝机运行时间"
"氧化沟","MW2117","2#表曝机停止时间设定"
"氧化沟","MW2118","2#表曝机停止时间"
"加药间","MW2119","流量设定（单位L/H   (0-530)）"
"加药间","MW2123","流量显示（单位L/H   (0-530)）"
"加药间","MW2120","流量设定（单位L/H   (0-530)）"
"加药间","MW2124","流量显示（单位L/H   (0-530)）"
"加药间","MW2121","流量设定（单位L/H   (0-530)）"
"加药间","MW2125","流量显示（单位L/H   (0-530)）"
"加药间","MW2122","流量设定（单位L/H   (0-530)）"
"加药间","MW2126","流量显示（单位L/H   (0-530)）"
"加药间","MW2127","1-加药泵开启，0-加药泵停止"
"监测与控制","TC1_RUNNING","运行"
"监测与控制","TC1_FAULT","故障"
"监测与控制","TC1_COD_QC","COD质控"
"监测与控制","TC1_NH3N_QC","氨氮质控"
"监测与控制","TC1_TP_QC","正磷质控"
"监测与控制","TC1_NO3_QC","硝酸盐质控"
"监测与控制","TC1_GS_EFFCOD","沉砂池出水COD"
"监测与控制","TC1_GS_EFFNH3N","沉砂池出水氨氮"
"监测与控制","TC1_ANOX_EFFNH3N","缺氧出水氨氮"
"监测与控制","TC1_ANOX_EFFNOx","缺氧出水硝氮"
"监测与控制","TC1_AERO_EFFNH3N","好氧出水氨氮"
"监测与控制","TC1_AERO_EFFNOx","好氧出水硝氮"
"监测与控制","TC1_SDS_EFFTP","二沉池出水正磷"
"监测与控制","TC1_FILTER_EFFNOx","滤池出水硝氮"
"监测与控制","TC1_FILTER_EFFTP","滤池出水正磷"
"监测与控制","TC1_COD_QC_YEAR","COD质控检测时间_年"
"监测与控制","TC1_COD_QC_MONTH","COD质控检测时间_月"
"监测与控制","TC1_COD_QC_DAY","COD质控检测时间_日"
"监测与控制","TC1_COD_QC_HOUR","COD质控检测时间_时"
"监测与控制","TC1_COD_QC_MINUTE","COD质控检测时间_分"
"监测与控制","TC1_COD_QC_SECOND","COD质控检测时间_秒"
"监测与控制","TC1_NH3N_QC_YEAR","氨氮质控检测时间_年"
"监测与控制","TC1_NH3N_QC_MONTH","氨氮质控检测时间_月"
"监测与控制","TC1_NH3N_QC_DAY","氨氮质控检测时间_日"
"监测与控制","TC1_NH3N_QC_HOUR","氨氮质控检测时间_时"
"监测与控制","TC1_NH3N_QC_MINUTE","氨氮质控检测时间_分"
"监测与控制","TC1_NH3N_QC_SECOND","氨氮质控检测时间_秒"
"监测与控制","TC1_TP_QC_YEAR","正磷质控检测时间_年"
"监测与控制","TC1_TP_QC_MONTH","正磷质控检测时间_月"
"监测与控制","TC1_TP_QC_DAY","正磷质控检测时间_日"
"监测与控制","TC1_TP_QC_HOUR","正磷质控检测时间_时"
"监测与控制","TC1_TP_QC_MINUTE","正磷质控检测时间_分"
"监测与控制","TC1_TP_QC_SECOND","正磷质控检测时间_秒"
"监测与控制","TC1_NO3_QC_YEAR","硝氮质控检测时间_年"
"监测与控制","TC1_NO3_QC_MONTH","硝氮质控检测时间_月"
"监测与控制","TC1_NO3_QC_DAY","硝氮质控检测时间_日"
"监测与控制","TC1_NO3_QC_HOUR","硝氮质控检测时间_时"
"监测与控制","TC1_NO3_QC_MINUTE","硝氮质控检测时间_分"
"监测与控制","TC1_NO3_QC_SECOND","硝氮质控检测时间_秒"
"监测与控制","TC1_GS_EFFCOD_YEAR","沉砂池出水COD检测时间_年"
"监测与控制","TC1_GS_EFFCOD_MONTH","沉砂池出水COD检测时间_月"
"监测与控制","TC1_GS_EFFCOD_DAY","沉砂池出水COD检测时间_日"
"监测与控制","TC1_GS_EFFCOD_HOUR","沉砂池出水COD检测时间_时"
"监测与控制","TC1_GS_EFFCOD_MINUTE","沉砂池出水COD检测时间_分"
"监测与控制","TC1_GS_EFFCOD_SECOND","沉砂池出水COD检测时间_秒"
"监测与控制","TC1_GS_EFFNH3N_YEAR","沉砂池出水氨氮检测时间_年"
"监测与控制","TC1_GS_EFFNH3N_MONTH","沉砂池出水氨氮检测时间_月"
"监测与控制","TC1_GS_EFFNH3N_DAY","沉砂池出水氨氮检测时间_日"
"监测与控制","TC1_GS_EFFNH3N_HOUR","沉砂池出水氨氮检测时间_时"
"监测与控制","TC1_GS_EFFNH3N_MINUTE","沉砂池出水氨氮检测时间_分"
"监测与控制","TC1_GS_EFFNH3N_SECOND","沉砂池出水氨氮检测时间_秒"
"监测与控制","TC1_ANOX_EFFNH3N_YEAR","缺氧出水氨氮检测时间_年"
"监测与控制","TC1_ANOX_EFFNH3N_MONTH","缺氧出水氨氮检测时间_月"
"监测与控制","TC1_ANOX_EFFNH3N_DAY","缺氧出水氨氮检测时间_日"
"监测与控制","TC1_ANOX_EFFNH3N_HOUR","缺氧出水氨氮检测时间_时"
"监测与控制","TC1_ANOX_EFFNH3N_MINUTE","缺氧出水氨氮检测时间_分"
"监测与控制","TC1_ANOX_EFFNH3N_SECOND","缺氧出水氨氮检测时间_秒"
"监测与控制","TC1_ANOX_EFFNOx_YEAR","缺氧出水硝氮检测时间_年"
"监测与控制","TC1_ANOX_EFFNOx_MONTH","缺氧出水硝氮检测时间_月"
"监测与控制","TC1_ANOX_EFFNOx_DAY","缺氧出水硝氮检测时间_日"
"监测与控制","TC1_ANOX_EFFNOx_HOUR","缺氧出水硝氮检测时间_时"
"监测与控制","TC1_ANOX_EFFNOx_MINUTE","缺氧出水硝氮检测时间_分"
"监测与控制","TC1_ANOX_EFFNOx_SECOND","缺氧出水硝氮检测时间_秒"
"监测与控制","TC1_AERO_EFFNH3N_YEAR","好氧出水氨氮检测时间_年"
"监测与控制","TC1_AERO_EFFNH3N_MONTH","好氧出水氨氮检测时间_月"
"监测与控制","TC1_AERO_EFFNH3N_DAY","好氧出水氨氮检测时间_日"
"监测与控制","TC1_AERO_EFFNH3N_HOUR","好氧出水氨氮检测时间_时"
"监测与控制","TC1_AERO_EFFNH3N_MINUTE","好氧出水氨氮检测时间_分"
"监测与控制","TC1_AERO_EFFNH3N_SECOND","好氧出水氨氮检测时间_秒"
"监测与控制","TC1_AERO_EFFNOx_YEAR","好氧出水硝氮检测时间_年"
"监测与控制","TC1_AERO_EFFNOx_MONTH","好氧出水硝氮检测时间_月"
"监测与控制","TC1_AERO_EFFNOx_DAY","好氧出水硝氮检测时间_日"
"监测与控制","TC1_AERO_EFFNOx_HOUR","好氧出水硝氮检测时间_时"
"监测与控制","TC1_AERO_EFFNOx_MINUTE","好氧出水硝氮检测时间_分"
"监测与控制","TC1_AERO_EFFNOx_SECOND","好氧出水硝氮检测时间_秒"
"监测与控制","TC1_SDS_EFFTP_YEAR","二沉池出水正磷检测时间_年"
"监测与控制","TC1_SDS_EFFTP_MONTH","二沉池出水正磷检测时间_月"
"监测与控制","TC1_SDS_EFFTP_DAY","二沉池出水正磷检测时间_日"
"监测与控制","TC1_SDS_EFFTP_HOUR","二沉池出水正磷检测时间_时"
"监测与控制","TC1_SDS_EFFTP_MINUTE","二沉池出水正磷检测时间_分"
"监测与控制","TC1_SDS_EFFTP_SECOND","二沉池出水正磷检测时间_秒"
"监测与控制","TC1_FILTER_EFFNOx_YEAR","滤池出水硝氮检测时间_年"
"监测与控制","TC1_FILTER_EFFNOx_MONTH","滤池出水硝氮检测时间_月"
"监测与控制","TC1_FILTER_EFFNOx_DAY","滤池出水硝氮检测时间_日"
"监测与控制","TC1_FILTER_EFFNOx_HOUR","滤池出水硝氮检测时间_时"
"监测与控制","TC1_FILTER_EFFNOx_MINUTE","滤池出水硝氮检测时间_分"
"监测与控制","TC1_FILTER_EFFNOx_SECOND","滤池出水硝氮检测时间_秒"
"监测与控制","TC1_FILTER_EFFTP_YEAR","滤池出水正磷检测时间_年"
"监测与控制","TC1_FILTER_EFFTP_MONTH","滤池出水正磷检测时间_月"
"监测与控制","TC1_FILTER_EFFTP_DAY","滤池出水正磷检测时间_日"
"监测与控制","TC1_FILTER_EFFTP_HOUR","滤池出水正磷检测时间_时"
"监测与控制","TC1_FILTER_EFFTP_MINUTE","滤池出水正磷检测时间_分"
"监测与控制","TC1_FILTER_EFFTP_SECOND","滤池出水正磷检测时间_秒"
